Date,Clicks,Impressions,CTR,Position
2026-06-02,0,0,,
2026-06-03,0,2,0%,10.5
2026-06-04,0,5,0%,5.4
2026-06-05,0,2,0%,5
2026-06-06,2,6,33.33%,6.8
2026-06-07,0,6,0%,8.3
2026-06-08,1,8,12.5%,7.4
2026-06-09,2,12,16.67%,10
2026-06-10,0,3,0%,9.7
2026-06-11,1,10,10%,8.3
2026-06-12,1,2,50%,4.5
2026-06-13,0,2,0%,6.5
2026-06-14,0,1,0%,12
2026-06-15,0,1,0%,9
2026-06-16,0,1,0%,7
2026-06-17,3,14,21.43%,6.7
2026-06-18,0,35,0%,54.7
2026-06-19,0,237,0%,69.1
2026-06-20,0,107,0%,71.5
2026-06-21,0,36,0%,64.9
2026-06-22,0,44,0%,55.7
2026-06-23,3,36,8.33%,51
2026-06-24,0,91,0%,51.8
2026-06-25,0,98,0%,50.1
2026-06-26,1,116,0.86%,43.6
2026-06-27,0,171,0%,56
2026-06-28,0,149,0%,54.5
2026-06-29,0,106,0%,48.7
2026-06-30,2,252,0.79%,53.8
2026-07-01,1,452,0.22%,54.7
2026-07-02,0,114,0%,49.3
2026-07-03,2,160,1.25%,50.5
2026-07-04,1,208,0.48%,54.5
2026-07-05,1,200,0.5%,50.9
2026-07-06,1,266,0.38%,53.4
2026-07-07,1,184,0.54%,49.1
2026-07-08,0,145,0%,45.9
2026-07-09,0,121,0%,57.7
2026-07-10,1,190,0.53%,51
2026-07-11,2,288,0.69%,41.6
2026-07-12,0,226,0%,37
2026-07-13,0,216,0%,37.8
2026-07-14,1,210,0.48%,32.7
2026-07-15,0,218,0%,36.6
2026-07-16,2,308,0.65%,34.6
2026-07-17,1,329,0.3%,34.6
2026-07-18,0,242,0%,33.4
2026-07-19,2,188,1.06%,28.7
2026-07-20,1,192,0.52%,23.2
2026-07-21,0,203,0%,24.3
2026-07-22,4,197,2.03%,18.1
2026-07-23,1,188,0.53%,18.2
2026-07-24,3,181,1.66%,21.2
2026-07-25,2,158,1.27%,19.8
2026-07-26,2,235,0.85%,20.2
2026-07-27,2,293,0.68%,17.1
2026-07-28,8,306,2.61%,16.8
2026-07-29,4,340,1.18%,16.7
2026-07-30,6,385,1.56%,19
2026-07-31,6,373,1.61%,19.4
2026-08-01,5,352,1.42%,18.5
2026-08-02,7,324,2.16%,16.5
2026-08-03,6,550,1.09%,13.8
2026-08-04,4,594,0.67%,11.3
2026-08-05,3,655,0.46%,14.5
2026-08-06,2,630,0.32%,12.6
2026-08-07,2,615,0.33%,12
2026-08-08,3,665,0.45%,11.8
2026-08-09,9,809,1.11%,11.3
2026-08-10,7,734,0.95%,12.9
2026-08-11,9,684,1.32%,11.2
2026-08-12,4,677,0.59%,16.7
2026-08-13,7,714,0.98%,17.6
2026-08-14,7,735,0.95%,14.1
2026-08-15,5,805,0.62%,15.2
2026-08-16,9,1007,0.89%,13.2
2026-08-17,9,863,1.04%,14.4
2026-08-18,7,962,0.73%,12.6
2026-08-19,13,1410,0.92%,11.9
2026-08-20,19,1390,1.37%,12.1
2026-08-21,18,1410,1.28%,10.5
2026-08-22,11,1257,0.88%,12.3
2026-08-23,11,861,1.28%,11.7
2026-08-24,15,863,1.74%,13.1
2026-08-25,14,768,1.82%,11.8
2026-08-26,19,776,2.45%,12
2026-08-27,10,1838,0.54%,12.4
2026-08-28,16,2077,0.77%,11.3
2026-08-29,9,1809,0.5%,14.6
2026-08-30,13,2047,0.64%,13.1