Country,Clicks,Impressions,CTR,Position
Pakistan,75,3509,2.14%,14.59
India,59,9616,0.61%,11.2
United Kingdom,27,2485,1.09%,27.8
United States,19,5119,0.37%,26.78
Bangladesh,14,1057,1.32%,14.91
Qatar,14,573,2.44%,11.09
Egypt,14,305,4.59%,18.09
Saudi Arabia,13,831,1.56%,14.42
Nigeria,11,901,1.22%,10.82
United Arab Emirates,7,1598,0.44%,12.42
Singapore,7,548,1.28%,20.11
Sweden,7,485,1.44%,14.96
Denmark,6,240,2.5%,17.99
Finland,6,109,5.5%,11.43
Australia,5,749,0.67%,33.28
Netherlands,5,591,0.85%,17.18
Sri Lanka,5,437,1.14%,13.38
Ireland,5,162,3.09%,28.15
Malaysia,3,453,0.66%,23.27
Uganda,3,193,1.55%,12.93
France,3,138,2.17%,29.64
Canada,2,891,0.22%,31
Norway,2,243,0.82%,18
Thailand,2,200,1%,34.1
Turkey,2,160,1.25%,33.14
New Zealand,2,154,1.3%,34.11
Spain,2,146,1.37%,37.25
Mauritius,2,105,1.9%,23.25
Indonesia,1,251,0.4%,26.75
Kuwait,1,162,0.62%,12.13
Ghana,1,152,0.66%,19.61
Belgium,1,148,0.68%,20.11
Bahrain,1,133,0.75%,20.17
Morocco,1,133,0.75%,23.44
Italy,1,123,0.81%,23.33
Ethiopia,1,109,0.92%,11.59
Hong Kong,1,94,1.06%,14.88
Algeria,1,66,1.52%,32.02
Jordan,1,59,1.69%,31.19
Switzerland,1,54,1.85%,19.78
Trinidad & Tobago,1,50,2%,24.04
Iran,1,26,3.85%,7.12
Malawi,1,26,3.85%,13.88
Syria,1,22,4.55%,7.32
Zimbabwe,1,19,5.26%,22.37
Azerbaijan,1,16,6.25%,12.12
Yemen,1,13,7.69%,10.54
Suriname,1,12,8.33%,8.5
Palestine,1,10,10%,10
Benin,1,1,100%,1
Philippines,0,709,0%,28.58
South Africa,0,404,0%,16.28
Kenya,0,388,0%,11.94
Germany,0,338,0%,20.8
Vietnam,0,274,0%,41.26
Maldives,0,190,0%,11.83
Mexico,0,126,0%,51.02
Oman,0,120,0%,13.5
Tanzania,0,103,0%,10.57
Russia,0,87,0%,23.87
Brunei,0,76,0%,9.05
Brazil,0,57,0%,21.04
Iraq,0,55,0%,13.2
Japan,0,52,0%,12.69
Austria,0,48,0%,16.96
Zambia,0,45,0%,15.62
Mozambique,0,42,0%,8.81
Somalia,0,41,0%,8
South Korea,0,39,0%,15.92
Uzbekistan,0,38,0%,8.92
Sierra Leone,0,33,0%,7
Ukraine,0,32,0%,32.75
China,0,31,0%,9.74
Gambia,0,28,0%,9.39
Tunisia,0,27,0%,13.3
Portugal,0,26,0%,26.08
Nepal,0,25,0%,19
Bosnia & Herzegovina,0,24,0%,11.79
Israel,0,23,0%,35.04
Guyana,0,23,0%,45.78
Hungary,0,22,0%,19.95
Luxembourg,0,19,0%,31.79
Bulgaria,0,19,0%,41.32
Afghanistan,0,18,0%,16.61
Myanmar (Burma),0,18,0%,21.17
Greece,0,18,0%,27.06
Romania,0,17,0%,11.29
Poland,0,16,0%,33.62
Cyprus,0,16,0%,35.94
Colombia,0,15,0%,23.8
Argentina,0,15,0%,25.33
Cambodia,0,15,0%,31.47
Croatia,0,14,0%,26.64
Rwanda,0,14,0%,28.14
Albania,0,12,0%,14.25
Serbia,0,12,0%,40.92
Libya,0,11,0%,6.36
Kazakhstan,0,11,0%,9.73
Lebanon,0,11,0%,12.45
Kyrgyzstan,0,10,0%,7.4
Chile,0,10,0%,20.8
Lithuania,0,10,0%,58.6
Guinea,0,9,0%,8.89
Georgia,0,9,0%,39.44
Malta,0,8,0%,10.5
Senegal,0,8,0%,12
Cameroon,0,8,0%,31.88
Namibia,0,8,0%,52.38
Jamaica,0,8,0%,55.5
Kosovo,0,7,0%,16.57
Slovakia,0,7,0%,25.71
Czechia,0,7,0%,36.43
Estonia,0,7,0%,45.71
Fiji,0,6,0%,10.67
Belize,0,5,0%,6.6
Macedonia,0,5,0%,7.6
Lesotho,0,5,0%,8.4
Taiwan,0,5,0%,9.4
Dominican Republic,0,5,0%,10.2
Seychelles,0,5,0%,10.4
Slovenia,0,5,0%,10.6
Djibouti,0,5,0%,10.8
Moldova,0,5,0%,13.8
Costa Rica,0,5,0%,29
Latvia,0,5,0%,47.2
Isle of Man,0,4,0%,7
Barbados,0,4,0%,7.5
Turkmenistan,0,4,0%,9.75
Belarus,0,4,0%,12.5
Puerto Rico,0,4,0%,27.25
Panama,0,4,0%,40.5
Botswana,0,4,0%,68.75
Congo - Kinshasa,0,3,0%,4.33
South Sudan,0,3,0%,7
Gabon,0,3,0%,9
Burundi,0,3,0%,9.33
Mauritania,0,3,0%,13.33
Ecuador,0,3,0%,22.67
El Salvador,0,3,0%,23
Peru,0,3,0%,31.33
Iceland,0,3,0%,40.33
Venezuela,0,3,0%,55.33
Tajikistan,0,2,0%,4
Armenia,0,2,0%,7
Jersey,0,2,0%,9
Mali,0,2,0%,9
Montenegro,0,2,0%,9
Papua New Guinea,0,2,0%,9
Timor-Leste,0,2,0%,9.5
Macau,0,2,0%,10.5
Unknown Region,0,2,0%,10.5
Togo,0,2,0%,16.5
Bahamas,0,2,0%,34.5
Mongolia,0,1,0%,4
Comoros,0,1,0%,5
Laos,0,1,0%,6
Liberia,0,1,0%,7
Bhutan,0,1,0%,8
Guatemala,0,1,0%,8
Central African Republic,0,1,0%,9
Guernsey,0,1,0%,9
St. Lucia,0,1,0%,9
Dominica,0,1,0%,10
Grenada,0,1,0%,10
Monaco,0,1,0%,10
Chad,0,1,0%,11
Bolivia,0,1,0%,28
Paraguay,0,1,0%,30
Honduras,0,1,0%,31
Uruguay,0,1,0%,43
Liechtenstein,0,1,0%,70
Andorra,0,1,0%,71