Top pages,Clicks,Impressions,CTR,Position
https://www.noorpath.online/blog/attahiyat-full-arabic-english-tashahhud,86,7326,1.17%,9.9
https://www.noorpath.online/noorani-qaida/games,47,536,8.77%,5.71
https://www.noorpath.online/,37,827,4.47%,8.41
https://www.noorpath.online/noorani-qaida/games/harakat-quiz,18,175,10.29%,10.24
https://www.noorpath.online/noorani-qaida,15,165,9.09%,9.31
https://www.noorpath.online/noorani-qaida/guides/games,8,228,3.51%,8.34
https://www.noorpath.online/locations/online-quran-classes-kuwait,6,162,3.7%,10.13
https://www.noorpath.online/online-quran-classes/doha,6,84,7.14%,14.57
https://www.noorpath.online/noorani-qaida/guides/arabic-alphabet-practice,6,65,9.23%,14.74
https://www.noorpath.online/noorani-qaida/guides/with-animation,6,62,9.68%,7.92
https://www.noorpath.online/locations/online-quran-classes-netherlands,5,169,2.96%,10.04
https://www.noorpath.online/locations/online-quran-classes-sweden,5,113,4.42%,10.38
https://www.noorpath.online/online-quran-classes/mumbai,5,63,7.94%,9.73
https://www.noorpath.online/blog/jazakallah-khair-meaning,4,3682,0.11%,12.55
https://www.noorpath.online/blog/quran-classes-for-adults-in-singapore,4,86,4.65%,18.83
https://www.noorpath.online/locations/online-quran-classes-denmark,4,45,8.89%,8.8
https://www.noorpath.online/blog/safar-ki-dua-travel-dua-arabic-english,3,556,0.54%,24.13
https://www.noorpath.online/blog/dua-e-masura-arabic-english,3,481,0.62%,7.16
https://www.noorpath.online/blog/online-quran-classes-cost-pricing-guide,3,183,1.64%,9.77
https://www.noorpath.online/locations/online-quran-classes-qatar,3,117,2.56%,9.94
https://www.noorpath.online/blog/morning-evening-adhkar-dhikr,3,69,4.35%,22.65
https://www.noorpath.online/locations/online-quran-classes-indonesia,3,52,5.77%,4.9
https://www.noorpath.online/locations/online-quran-classes-south-africa,3,36,8.33%,13.83
https://www.noorpath.online/blog/99-names-of-allah-asmaul-husna,2,692,0.29%,47.79
https://www.noorpath.online/blog/dua-before-school-for-kids,2,83,2.41%,7.98
https://www.noorpath.online/locations/online-quran-classes-norway,2,82,2.44%,11.66
https://www.noorpath.online/locations/online-quran-classes-nigeria,2,50,4%,10.8
https://www.noorpath.online/locations/online-quran-classes-turkey,2,48,4.17%,8.1
https://www.noorpath.online/locations/online-quran-classes-finland,2,40,5%,6.88
https://www.noorpath.online/locations/online-quran-classes-ireland,2,39,5.13%,8.74
https://www.noorpath.online/noorani-qaida/games/progress-checklist,2,31,6.45%,10.71
https://www.noorpath.online/noorani-qaida/games/letter-matching,2,22,9.09%,12.23
https://www.noorpath.online/blog/how-many-quran-classes-per-week,2,10,20%,7.9
https://www.noorpath.online/blog/surah-al-fatiha-arabic-english,2,2,100%,3.5
https://www.noorpath.online/blog/barakallah-meaning,1,9122,0.01%,8.8
https://www.noorpath.online/blog/how-to-do-ghusl-step-by-step,1,361,0.28%,53.22
https://www.noorpath.online/hifz-quran-online,1,219,0.46%,74.15
https://www.noorpath.online/locations/online-quran-classes-usa,1,199,0.5%,77.86
https://www.noorpath.online/blog/how-long-to-memorize-quran,1,190,0.53%,13.57
https://www.noorpath.online/blog/99-names-of-allah-asmaul-husna.html,1,172,0.58%,61.8
https://www.noorpath.online/blog/dua-for-sick-person-arabic-english,1,154,0.65%,38.85
https://www.noorpath.online/blog/dua-for-forgiveness-istighfar,1,147,0.68%,26.61
https://www.noorpath.online/blog/inna-lillahi-wa-inna-ilayhi-rajiun-meaning,1,146,0.68%,10.67
https://www.noorpath.online/blog/surah-waqiah-benefits,1,144,0.69%,57.81
https://www.noorpath.online/female-quran-teacher-online,1,116,0.86%,55.87
https://www.noorpath.online/locations/online-quran-classes-germany,1,95,1.05%,13.31
https://www.noorpath.online/blog/how-to-do-tayammum-step-by-step,1,92,1.09%,41.64
https://www.noorpath.online/blog,1,77,1.3%,24.97
https://www.noorpath.online/locations/online-quran-classes-new-zealand,1,68,1.47%,37.29
https://www.noorpath.online/blog/how-to-teach-surah-al-fatiha-to-kids,1,66,1.52%,7.33
https://www.noorpath.online/noorani-qaida/guides/gamified-learning,1,61,1.64%,17.87
https://www.noorpath.online/blog/signs-of-qiyamah.html,1,50,2%,36.72
https://www.noorpath.online/locations/online-quran-classes-uk,1,49,2.04%,23.69
https://www.noorpath.online/locations/online-quran-classes-malaysia,1,45,2.22%,13.02
https://www.noorpath.online/blog/dua-for-success-exams,1,31,3.23%,23.03
https://www.noorpath.online/noorani-qaida/arabic-letters/dhaa,1,24,4.17%,10.96
https://www.noorpath.online/blog/islamic-phrases-meaning,1,24,4.17%,67.71
https://www.noorpath.online/locations/online-quran-classes-bangladesh,1,20,5%,16.65
https://www.noorpath.online/online-quran-classes/riyadh,1,19,5.26%,8.95
https://www.noorpath.online/blog/interactive-noorani-qaida-kids-studio,1,17,5.88%,12.59
https://www.noorpath.online/noorani-qaida/lessons/shaddah-with-madd,1,15,6.67%,7.13
https://www.noorpath.online/blog/dua-before-and-after-eating,1,15,6.67%,9.33
https://www.noorpath.online/online-quran-classes/birmingham,1,13,7.69%,21.15
https://www.noorpath.online/blog/manzil-dua-protection-ruqyah,1,12,8.33%,7.25
https://www.noorpath.online/noorani-qaida/lessons/standing-vowels,1,12,8.33%,7.42
https://www.noorpath.online/online-quran-classes/abuja,1,10,10%,8.1
https://www.noorpath.online/blog/quran-learning-speech-delay-kids,1,8,12.5%,7.88
https://www.noorpath.online/online-quran-classes/cork,1,8,12.5%,14.25
https://www.noorpath.online/blog/quran-classes-for-expat-families,1,8,12.5%,18.38
https://www.noorpath.online/blog/quran-curriculum-and-lesson-planning,1,7,14.29%,23.43
https://www.noorpath.online/online-quran-classes/melbourne,1,7,14.29%,48.14
https://www.noorpath.online/blog/child-wont-sit-for-quran-class,1,6,16.67%,7.17
https://www.noorpath.online/online-quran-classes/espoo,1,1,100%,3
https://www.noorpath.online/blog/bilingual-kids-learning-quran-arabic,1,1,100%,4
https://www.noorpath.online/blog/muslim-population-statistics-uk-usa,0,1561,0%,9.62
https://www.noorpath.online/blog/inshallah-meaning-in-english,0,1171,0%,39.69
https://www.noorpath.online/blog/alhamdulillah-meaning-in-english,0,452,0%,63.71
https://www.noorpath.online/blog/rabbana-atina-fid-dunya,0,377,0%,11.17
https://www.noorpath.online/blog/astaghfirullah-meaning,0,372,0%,37.86
https://www.noorpath.online/blog/labbaik-allahumma-labbaik,0,253,0%,18.09
https://www.noorpath.online/blog/la-ilaha-illallah-meaning,0,249,0%,17.57
https://www.noorpath.online/blog/bismillah-meaning-in-english,0,243,0%,46.78
https://www.noorpath.online/blog/sajdah-tilawat-dua-arabic-english,0,236,0%,8.47
https://www.noorpath.online/blog/hasbunallahu-wa-nimal-wakeel-meaning,0,200,0%,18.23
https://www.noorpath.online/blog/alhamdulillah-meaning-in-english.html,0,185,0%,58.71
https://www.noorpath.online/blog/signs-of-qiyamah,0,166,0%,43.77
https://www.noorpath.online/blog/islamic-months-names-in-order,0,164,0%,47.02
https://www.noorpath.online/#cta,0,161,0%,13.65
https://www.noorpath.online/blog/ayatul-kursi-arabic-english-benefits,0,152,0%,51
https://www.noorpath.online/blog/surah-ikhlas-benefits,0,135,0%,48.66
https://www.noorpath.online/blog/dua-for-anxiety-stress-depression,0,134,0%,42.16
https://www.noorpath.online/blog/allahu-akbar-meaning-in-english,0,133,0%,32.36
https://www.noorpath.online/blog/astaghfirullah-meaning.html,0,128,0%,54.4
https://www.noorpath.online/locations/online-quran-classes-saudi-arabia,0,125,0%,14.27
https://www.noorpath.online/blog/islamic-dream-interpretation.html,0,120,0%,69.97
https://www.noorpath.online/locations/online-quran-classes-australia,0,110,0%,72.22
https://www.noorpath.online/blog/last-two-ayahs-surah-baqarah,0,107,0%,16.87
https://www.noorpath.online/blog/mashallah-meaning.html,0,104,0%,70.19
https://www.noorpath.online/blog/quran-memorization-retention-research,0,95,0%,7.68
https://www.noorpath.online/blog/six-kalimas-of-islam,0,92,0%,59.88
https://www.noorpath.online/free-quran-classes-online,0,91,0%,70.66
https://www.noorpath.online/blog/subhanallah-meaning,0,88,0%,43.85
https://www.noorpath.online/locations/online-quran-classes-canada,0,85,0%,65.88
https://www.noorpath.online/blog/mashallah-meaning,0,84,0%,46.24
https://www.noorpath.online/online-quran-classes,0,82,0%,26.34
https://www.noorpath.online/blog/darood-sharif,0,79,0%,37.97
https://www.noorpath.online/blog/how-to-improve-quran-recitation,0,76,0%,14.51
https://www.noorpath.online/blog/tahajjud-prayer,0,75,0%,44.45
https://www.noorpath.online/blog/learn-quran-as-an-adult-never-too-late,0,68,0%,7.46
https://www.noorpath.online/blog/4-quls,0,64,0%,28.02
https://www.noorpath.online/locations/online-quran-classes-singapore,0,64,0%,44.45
https://www.noorpath.online/blog/quran-practice-and-progress-guide,0,62,0%,8.19
https://www.noorpath.online/blog/how-long-does-noorani-qaida-take,0,61,0%,6.52
https://www.noorpath.online/locations/online-quran-classes-france,0,60,0%,12.65
https://www.noorpath.online/blog/dua-e-istikhara,0,60,0%,38.63
https://www.noorpath.online/about,0,58,0%,10.79
https://www.noorpath.online/online-quran-classes-for-adults,0,56,0%,64.57
https://www.noorpath.online/islamic-resources,0,52,0%,31.9
https://www.noorpath.online/blog/what-is-wazifa-in-islam,0,50,0%,10.52
https://www.noorpath.online/pricing,0,50,0%,20.86
https://www.noorpath.online/blog/what-is-ijazah-in-quran-teaching,0,49,0%,45.22
https://www.noorpath.online/blog/dua-e-qunoot-arabic-english,0,46,0%,19.7
https://www.noorpath.online/online-quran-for-beginners,0,46,0%,62.8
https://www.noorpath.online/blog/dua-for-rizq-arabic-english,0,44,0%,19.89
https://www.noorpath.online/locations,0,42,0%,25.67
https://www.noorpath.online/blog/attahiyat-full-arabic-english-tashahhud#story,0,41,0%,10.41
https://www.noorpath.online/blog/attahiyat-full-arabic-english-tashahhud#when,0,41,0%,10.41
https://www.noorpath.online/blog/online-quran-classes-for-kids-parent-guide,0,38,0%,35.24
https://www.noorpath.online/quran-teacher-online,0,38,0%,51.87
https://www.noorpath.online/blog/finish-quran-in-ramadan-30-day-plan,0,37,0%,22.7
https://www.noorpath.online/blog/dua-for-muslims-living-abroad,0,35,0%,7.89
https://www.noorpath.online/courses,0,33,0%,24.97
https://www.noorpath.online/blog/best-online-quran-academy-guide,0,33,0%,62.36
https://www.noorpath.online/blog/salatul-janazah-funeral-prayer-guide,0,30,0%,12.1
https://www.noorpath.online/blog/attahiyat-full-arabic-english-tashahhud#mistakes,0,29,0%,10.52
https://www.noorpath.online/blog/ayat-al-shifa-quranic-verses-of-healing,0,29,0%,14.86
https://www.noorpath.online/blog/internet-access-statistics-nine-markets,0,28,0%,7.32
https://www.noorpath.online/blog/dua-e-qunoot-arabic-english.html,0,27,0%,27.74
https://www.noorpath.online/courses/islamic-studies-online,0,27,0%,40.07
https://www.noorpath.online/contact,0,26,0%,39.85
https://www.noorpath.online/locations/online-quran-classes-uae,0,25,0%,19.64
https://www.noorpath.online/blog/duas-for-kids-to-memorize,0,25,0%,22.48
https://www.noorpath.online/online-quran-classes-for-kids,0,24,0%,17.92
https://www.noorpath.online/blog/online-quran-classes-uk-kids-guide,0,23,0%,8.35
https://www.noorpath.online/noorani-qaida/arabic-letters/kha,0,23,0%,11.48
https://www.noorpath.online/noorani-qaida/arabic-letters/saad,0,22,0%,20.95
https://www.noorpath.online/blog/dua-before-sleeping-islam,0,22,0%,34
https://www.noorpath.online/blog/sayyidul-istighfar-arabic-english,0,21,0%,10.62
https://www.noorpath.online/noorani-qaida/arabic-letters/fa,0,21,0%,14.9
https://www.noorpath.online/noorani-qaida/arabic-letters/haa,0,21,0%,19.29
https://www.noorpath.online/blog/dua-for-parents-rabbirhamhuma,0,20,0%,9.25
https://www.noorpath.online/blog/what-breaks-wudu,0,20,0%,28.35
https://www.noorpath.online/blog/ayatul-kursi-arabic-english-benefits.html,0,20,0%,60.6
https://www.noorpath.online/blog/surah-mulk-benefits,0,20,0%,79.75
https://www.noorpath.online/noorani-qaida/arabic-letters/qaf,0,19,0%,14.05
https://www.noorpath.online/blog/how-to-pray-witr,0,19,0%,21.79
https://www.noorpath.online/our-tutors,0,18,0%,26.78
https://www.noorpath.online/blog/surah-yaseen-arabic-english,0,18,0%,36.22
https://www.noorpath.online/online-quran-classes/hyderabad,0,18,0%,41.33
https://www.noorpath.online/blog/islamic-baby-names-2026,0,17,0%,14.82
https://www.noorpath.online/locations/online-quran-classes-india,0,17,0%,27.65
https://www.noorpath.online/noorani-qaida/arabic-letters/ain,0,16,0%,12.62
https://www.noorpath.online/blog/evil-eye-dua-nazar-ruqyah,0,16,0%,21.31
https://www.noorpath.online/learn-quran-online,0,16,0%,26.69
https://www.noorpath.online/blog/noorani-qaida-complete-guide,0,15,0%,8.27
https://www.noorpath.online/blog/how-long-until-child-reads-quran,0,15,0%,15.73
https://www.noorpath.online/blog/learn-quran-online-adult-beginner-guide,0,14,0%,12.14
https://www.noorpath.online/blog/new-muslim-guide-to-reading-quran,0,14,0%,14.43
https://www.noorpath.online/blog/dua-entering-leaving-home,0,14,0%,33.93
https://www.noorpath.online/courses/arabic-language-online,0,14,0%,42.07
https://www.noorpath.online/blog/after-school-quran-classes-for-kids-in-india,0,13,0%,23.31
https://www.noorpath.online/noorani-qaida/guides/digital-quran-learning-platform,0,13,0%,23.38
https://www.noorpath.online/blog/adhkar-after-salah-arabic-english,0,13,0%,24.54
https://www.noorpath.online/online-quran-classes/houston,0,13,0%,29.62
https://www.noorpath.online/blog/surah-rahman-benefits,0,13,0%,66.15
https://www.noorpath.online/noorani-qaida/arabic-letters/jeem,0,12,0%,11.33
https://www.noorpath.online/noorani-qaida/arabic-letters/daad,0,12,0%,31.42
https://www.noorpath.online/blog/quran-classes-for-autistic-kids,0,11,0%,10.82
https://www.noorpath.online/blog/difference-between-hifz-and-tajweed-classes,0,11,0%,12.27
https://www.noorpath.online/noorani-qaida/lessons/madd-and-leen,0,11,0%,15.82
https://www.noorpath.online/noorani-qaida/tajweed/meem-sakinah,0,11,0%,18
https://www.noorpath.online/noorani-qaida/arabic-letters/dal,0,11,0%,27.82
https://www.noorpath.online/blog/how-to-memorize-quran-faster,0,11,0%,31.91
https://www.noorpath.online/blog/istikhara-for-marriage-step-by-step,0,11,0%,57.91
https://www.noorpath.online/blog/female-quran-teacher-for-kids,0,10,0%,3.8
https://www.noorpath.online/blog/hifz-revision-schedule,0,10,0%,5.4
https://www.noorpath.online/blog/arabic-alphabet-for-kids,0,10,0%,10.7
https://www.noorpath.online/online-quran-classes/dublin,0,10,0%,12.7
https://www.noorpath.online/noorani-qaida/arabic-letters/kaf,0,10,0%,20.3
https://www.noorpath.online/courses/noorani-qaida-online,0,10,0%,26.2
https://www.noorpath.online/blog/islamic-dream-interpretation,0,10,0%,32.4
https://www.noorpath.online/noorani-qaida/arabic-letters/noon,0,10,0%,34.2
https://www.noorpath.online/blog/benefits-of-reading-quran-daily,0,10,0%,35.2
https://www.noorpath.online/blog/best-age-to-start-quran-learning.html,0,10,0%,80.5
https://www.noorpath.online/noorani-qaida/lessons/fatha,0,9,0%,7.89
https://www.noorpath.online/noorani-qaida/arabic-letters/ba,0,9,0%,16.22
https://www.noorpath.online/blog/keeping-quran-classes-during-exams-and-holidays,0,9,0%,16.89
https://www.noorpath.online/noorani-qaida/arabic-letters/ya,0,9,0%,23.67
https://www.noorpath.online/blog/dua-for-hajat-arabic-english,0,9,0%,24.89
https://www.noorpath.online/courses/quran-classes-for-kids,0,9,0%,29.56
https://www.noorpath.online/one-on-one-quran-classes,0,9,0%,73.78
https://www.noorpath.online/accessibility-statement,0,9,0%,78.44
https://www.noorpath.online/blog/online-quran-class-setup,0,8,0%,8.25
https://www.noorpath.online/noorani-qaida/arabic-letters/waw,0,8,0%,36.5
https://www.noorpath.online/online-quran-classes/new-york,0,8,0%,72.88
https://www.noorpath.online/blog/child-forgets-arabic-letters,0,7,0%,3.86
https://www.noorpath.online/online-quran-classes/karachi,0,7,0%,5.29
https://www.noorpath.online/noorani-qaida/arabic-letters/alif,0,7,0%,10.14
https://www.noorpath.online/noorani-qaida/arabic-letters/zain,0,7,0%,16.29
https://www.noorpath.online/blog/online-quran-classes-new-zealand-for-kids,0,7,0%,20.14
https://www.noorpath.online/noorani-qaida/guides/for-parents,0,7,0%,26
https://www.noorpath.online/online-quran-classes/abu-dhabi,0,7,0%,28.57
https://www.noorpath.online/online-quran-classes/luton,0,7,0%,34
https://www.noorpath.online/blog/how-to-do-wudu-step-by-step,0,7,0%,82.57
https://www.noorpath.online/noorani-qaida/lessons/fathatain,0,6,0%,3.33
https://www.noorpath.online/online-quran-academy,0,6,0%,7.67
https://www.noorpath.online/noorani-qaida/arabic-letters/sheen,0,6,0%,8.17
https://www.noorpath.online/online-quran-classes/lagos,0,6,0%,9.17
https://www.noorpath.online/noorani-qaida/guides/with-audio,0,6,0%,13.67
https://www.noorpath.online/noorani-qaida/arabic-letters/ghain,0,6,0%,14.5
https://www.noorpath.online/noorani-qaida/tajweed/waqf,0,6,0%,19
https://www.noorpath.online/online-quran-classes/bradford,0,6,0%,20.33
https://www.noorpath.online/learn-tajweed-online,0,6,0%,24.67
https://www.noorpath.online/blog/adult-embarrassed-to-learn-quran-beginner,0,6,0%,25.83
https://www.noorpath.online/noorani-qaida/arabic-letters/meem,0,6,0%,26.5
https://www.noorpath.online/blog/ayat-e-karima,0,6,0%,30.83
https://www.noorpath.online/courses/quran-classes-for-kids.html,0,6,0%,78.5
https://www.noorpath.online/blog/what-should-my-child-learn-first-in-quran,0,5,0%,3.6
https://www.noorpath.online/online-quran-classes/london,0,5,0%,4.4
https://www.noorpath.online/blog/,0,5,0%,11
https://www.noorpath.online/online-quran-classes/jeddah,0,5,0%,11.4
https://www.noorpath.online/blog/quran-classes-for-shy-or-anxious-kids,0,5,0%,14.6
https://www.noorpath.online/noorani-qaida/arabic-letters/seen,0,5,0%,16.6
https://www.noorpath.online/online-quran-classes/christchurch,0,5,0%,17.8
https://www.noorpath.online/blog/when-to-change-your-online-quran-tutor,0,5,0%,20.2
https://www.noorpath.online/noorani-qaida/arabic-letters/ha,0,5,0%,21.6
https://www.noorpath.online/privacy-policy,0,5,0%,22.6
https://www.noorpath.online/blog/islamic-knowledge-for-kids-stories-hadith,0,5,0%,25.2
https://www.noorpath.online/blog/how-to-choose-online-quran-teacher,0,5,0%,29.2
https://www.noorpath.online/blog/muslim-homeschool-quran-curriculum,0,5,0%,31.6
https://www.noorpath.online/blog/how-to-memorize-juz-amma,0,5,0%,46.6
https://www.noorpath.online/blog/five-pillars-of-islam-explained,0,5,0%,55.2
https://www.noorpath.online/blog/how-to-know-if-online-quran-tutor-is-good,0,5,0%,61.4
https://www.noorpath.online/blog/noorpath-academy-vision-online-quran-education,0,4,0%,6.25
https://www.noorpath.online/courses/tajweed-classes-online,0,4,0%,9
https://www.noorpath.online/noorani-qaida/arabic-letters/tha,0,4,0%,9
https://www.noorpath.online/blog/questions-to-ask-before-booking-a-quran-tutor,0,4,0%,9.25
https://www.noorpath.online/noorani-qaida/lessons/kasratain,0,4,0%,9.25
https://www.noorpath.online/blog/surah-al-kahf-arabic-english-friday,0,4,0%,11.75
https://www.noorpath.online/blog/quran-learning-method-comparisons,0,4,0%,12.5
https://www.noorpath.online/noorani-qaida/lessons/joining-letters,0,4,0%,14.25
https://www.noorpath.online/noorani-qaida/arabic-letters/taa,0,4,0%,16
https://www.noorpath.online/blog/quran-practice-routine-at-home-kids,0,4,0%,17
https://www.noorpath.online/blog/dua-for-marriage,0,4,0%,18.25
https://www.noorpath.online/noorani-qaida/arabic-letters/dhal,0,4,0%,21
https://www.noorpath.online/online-quran-classes/auckland,0,4,0%,26.25
https://www.noorpath.online/blog/islamic-quotes-in-english-arabic,0,4,0%,28.75
https://www.noorpath.online/blog/la-hawla-wa-la-quwwata-illallah-meaning,0,4,0%,30.5
https://www.noorpath.online/blog/live-online-quran-tutor-vs-prerecorded-courses,0,4,0%,31
https://www.noorpath.online/online-quran-classes/lahore,0,4,0%,31.75
https://www.noorpath.online/locations/online-quran-classes-pakistan,0,4,0%,35.25
https://www.noorpath.online/blog/how-to-teach-quran-when-theres-no-mosque-nearby,0,4,0%,39.75
https://www.noorpath.online/blog/tajweed-rules-complete-guide,0,4,0%,43.5
https://www.noorpath.online/courses/hifz-program-online,0,4,0%,47.75
https://www.noorpath.online/blog/how-to-start-hifz-for-kids,0,4,0%,50
https://www.noorpath.online/blog/after-school-quran-classes-for-gulf-families,0,4,0%,52
https://www.noorpath.online/noorani-qaida/lessons/advanced-madd-causes,0,4,0%,57.25
https://www.noorpath.online/founder,0,3,0%,3.67
https://www.noorpath.online/noorani-qaida/lessons/dammatain,0,3,0%,5.33
https://www.noorpath.online/blog/when-child-ready-qaida-to-quran,0,3,0%,6.67
https://www.noorpath.online/online-quran-classes/dallas,0,3,0%,6.67
https://www.noorpath.online/noorani-qaida/lessons/damma,0,3,0%,7
https://www.noorpath.online/online-quran-classes/helsinki,0,3,0%,7.67
https://www.noorpath.online/blog/hard-arabic-letters-for-kids-makharij,0,3,0%,8.67
https://www.noorpath.online/blog/islamic-baby-names-2026.html,0,3,0%,9.33
https://www.noorpath.online/noorani-qaida/lessons/shaddah-exercises,0,3,0%,9.33
https://www.noorpath.online/blog/online-quran-trial-what-to-expect,0,3,0%,11.67
https://www.noorpath.online/blog/sibling-online-quran-classes-scheduling,0,3,0%,29.33
https://www.noorpath.online/blog/dua-for-children-arabic-english,0,3,0%,31
https://www.noorpath.online/blog/balancing-school-and-online-quran-in-pakistan,0,3,0%,40.33
https://www.noorpath.online/blog/timezone-friendly-quran-classes-uk-europe,0,3,0%,42.33
https://www.noorpath.online/blog/child-forgets-quran-between-classes,0,3,0%,45.67
https://www.noorpath.online/blog/online-hifz-classes-for-kids,0,3,0%,48
https://www.noorpath.online/online-quran-classes/galway,0,3,0%,55.33
https://www.noorpath.online/courses/daily-duas-for-kids,0,3,0%,61.33
https://www.noorpath.online/online-quran-classes/toronto,0,3,0%,68
https://www.noorpath.online/blog/how-long-should-online-quran-lessons-be,0,2,0%,4
https://www.noorpath.online/blog/quran-pronunciation-troubleshooting,0,2,0%,5.5
https://www.noorpath.online/noorani-qaida/lessons/sukoon-exercises,0,2,0%,7.5
https://www.noorpath.online/blog/online-quran-for-malaysian-and-singaporean-families,0,2,0%,8
https://www.noorpath.online/blog/online-summer-quran-camp-for-kids,0,2,0%,8.5
https://www.noorpath.online/noorani-qaida/lessons/madd-waw,0,2,0%,10
https://www.noorpath.online/online-quran-classes/leeds,0,2,0%,14.5
https://www.noorpath.online/blog/tajweed-rules-complete-guide.html,0,2,0%,19.5
https://www.noorpath.online/quran-classes-for-sisters,0,2,0%,19.5
https://www.noorpath.online/blog/surah-yaseen-arabic-english.html,0,2,0%,41
https://www.noorpath.online/noorani-qaida/lessons/shaddah-with-shaddah,0,2,0%,62.5
https://www.noorpath.online/blog/quran-homework-kids-wont-practice,0,2,0%,63
https://www.noorpath.online/blog/how-to-teach-quran-to-kids,0,2,0%,67.5
https://www.noorpath.online/online-quran-classes/sydney,0,2,0%,92.5
https://www.noorpath.online/blog/quran-lessons-for-busy-parents,0,1,0%,1
https://www.noorpath.online/online-quran-classes/bergen,0,1,0%,1
https://www.noorpath.online/blog/trustworthy-online-quran-teacher-live-abroad,0,1,0%,2
https://www.noorpath.online/noorani-qaida/lessons/word-reading,0,1,0%,4
https://www.noorpath.online/online-quran-classes/leicester,0,1,0%,4
https://www.noorpath.online/noorani-qaida/lessons/muqattaat-letters,0,1,0%,5
https://www.noorpath.online/noorani-qaida/lessons/shaddah,0,1,0%,5
https://www.noorpath.online/noorani-qaida/lessons/sukoon,0,1,0%,5
https://www.noorpath.online/noorani-qaida/tajweed/noon-sakinah-tanween,0,1,0%,6
https://www.noorpath.online/safeguarding,0,1,0%,6
https://www.noorpath.online/blog/muslim-families-europe-balance-school-quran,0,1,0%,7
https://www.noorpath.online/noorani-qaida/lessons/kasra,0,1,0%,7
https://www.noorpath.online/blog/quran-classes-for-adhd-kids,0,1,0%,8
https://www.noorpath.online/noorani-qaida/guides/practice,0,1,0%,8
https://www.noorpath.online/blog/benefits-of-online-quran-classes,0,1,0%,9
https://www.noorpath.online/blog/noorani-qaida-complete-guide.html,0,1,0%,10
https://www.noorpath.online/blog/parents-dont-speak-arabic-child-learn-quran,0,1,0%,10
https://www.noorpath.online/noorani-qaida/lessons/madd-ya,0,1,0%,10
https://www.noorpath.online/noorani-qaida/lessons/shaddah-with-sukoon,0,1,0%,11
https://www.noorpath.online/noorani-qaida/arabic-letters/ra,0,1,0%,38
https://www.noorpath.online/quran-classes-for-working-professionals,0,1,0%,56
https://www.noorpath.online/blog/how-to-memorize-quran-faster.html,0,1,0%,67
https://www.noorpath.online/blog/online-tajweed-classes-for-kids,0,1,0%,81
https://www.noorpath.online/blog/online-quran-class-checklist-for-parents,0,1,0%,87