Top queries,Clicks,Impressions,CTR,Position
noorpath,18,190,9.47%,7.5
attahiyat full dua,16,672,2.38%,5.19
noor path academy,7,99,7.07%,4.43
attahiyat,6,752,0.8%,10.5
attahiyat full,4,720,0.56%,8.32
noorani qaida games,4,55,7.27%,4.58
how to recite attahiyat,3,120,2.5%,6.52
attahiyat full text,3,119,2.52%,7.5
noorani game,2,55,3.64%,6.73
noorani qaida quiz,2,22,9.09%,6.14
athahiyath,2,13,15.38%,6.08
attahiyat surah in english,2,12,16.67%,18.42
barakallah meaning,1,3752,0.03%,7.54
jazakallah khair,1,467,0.21%,10.2
attahiyat in english,1,136,0.74%,13.21
99 names of allah,1,93,1.08%,58.11
attahiyat dua,1,92,1.09%,3.77
attahiyat reading,1,85,1.18%,8.84
safar ki dua in english,1,66,1.52%,8.94
noor path,1,58,1.72%,11.55
jazakallah in arabic,1,46,2.17%,11.24
attahiyat full dua allahumma,1,16,6.25%,5
adult quran classes,1,14,7.14%,45.36
how to recite attahiyat in prayer,1,10,10%,6.3
is la ilaha illa anta subhanaka inni kuntu minaz zalimin istighfar,1,8,12.5%,10.88
translation of attahiyat,1,8,12.5%,11.38
dua for sick,1,8,12.5%,43.75
attahiyat in namaz,1,5,20%,2
atayatu lilahi,1,5,20%,4.2
attayah,1,4,25%,2
ghusal steps,1,4,25%,45.75
meaning of jazakallahu khairan,1,3,33.33%,9
attahiyat prayer full,1,2,50%,6
islamic phrases for everyday use,1,2,50%,84
full surah,1,1,100%,1
hifz quran near me,1,1,100%,1
athahiyath salath dua full in arabic,1,1,100%,7
attahiyyaatu lillahi,1,1,100%,10
kız kuran kursları,1,1,100%,16
al asma ul husna in arabic,1,1,100%,43
barakallah,0,1151,0%,8.19
jazakallah khair meaning,0,681,0%,8.48
barak allah meaning,0,470,0%,8.5
barakallah means,0,311,0%,8.19
attahiyat full dua in english,0,231,0%,9.27
barakallahu feek meaning,0,162,0%,16.19
inshallah,0,137,0%,49.79
barakallah in arabic,0,133,0%,9.83
inshallah meaning,0,125,0%,65.99
jazakallah khair in arabic,0,119,0%,9.56
full attahiyat,0,97,0%,10.84
meaning of barakallah,0,96,0%,7.94
alhamdulillah,0,96,0%,62.57
alhamdulillah meaning,0,95,0%,71.66
astaghfirullah meaning,0,93,0%,54.55
attahiyat full dua in arabic,0,87,0%,8.25
jazakallahu khairan,0,69,0%,11.32
jazakallah khairan in arabic,0,67,0%,10.7
bismillah meaning,0,64,0%,47.19
astaghfirullah,0,62,0%,54.9
barakallah reply,0,61,0%,9.7
barak allah means,0,59,0%,7.58
ghusl steps,0,58,0%,57.34
barak allah,0,57,0%,13.11
what does barakallah mean,0,56,0%,7.71
attahiyat transliteration,0,56,0%,10.73
barakalla,0,55,0%,7.8
barakallah meaning in english,0,54,0%,7.41
barakallahu meaning,0,52,0%,13.29
jazak allah khair,0,51,0%,10.02
safar ki dua,0,51,0%,12.14
uk muslim population 2021 census england wales,0,51,0%,14.8
jazakumullahu khairan meaning,0,49,0%,10.9
barakkallah,0,43,0%,8.47
thank you in arabic jazakallah,0,43,0%,9.93
attahiyat in arabic,0,42,0%,9.95
jazakallah khairan,0,42,0%,11.1
attahiyat lillahi,0,41,0%,14.44
barakallahu feekum reply in arabic,0,38,0%,11.84
full attahiyat in english,0,37,0%,9.78
attahiyat lillahi wa salawatu,0,36,0%,8.67
dua masura arabic,0,34,0%,7.12
"""أستغفر الله"" means ""i seek forgiveness from allah""",0,34,0%,9.82
bismillah,0,34,0%,46
jazakallahu khairan means,0,33,0%,9.85
inshallah meaning in english,0,33,0%,35.18
subhanallah meaning,0,32,0%,43.44
wa feek barakallah meaning,0,31,0%,8.94
mashallah barakallahu feekum meaning,0,31,0%,10.52
inshallah in arabic,0,31,0%,46.06
hifz program online,0,31,0%,71.06
labbaik meaning,0,30,0%,13.67
istighfar dua,0,30,0%,32.67
astaghfirullah means,0,30,0%,60.2
how to do ghusl,0,30,0%,61.8
jazak allah khair in arabic,0,29,0%,10.03
quran classes,0,28,0%,79.11
online quran classes,0,28,0%,95.75
jazakallahu khair,0,27,0%,8.48
attahiyatu,0,27,0%,9.22
alhamdulillah meaning in english,0,27,0%,64.78
barakallahu feekum meaning,0,25,0%,27.6
online quran classes in usa,0,25,0%,91.4
attahiyat lillahi full,0,24,0%,9.88
how to say attahiyat in salah,0,24,0%,9.96
barakallahu feek reply,0,24,0%,14.17
attahiyat english,0,24,0%,18.12
in sha allah,0,24,0%,37.75
barakallahu khair meaning,0,23,0%,7.22
barakallah mean,0,23,0%,7.83
attahiyat text,0,23,0%,8.96
jazakumullahu khairan,0,23,0%,19.13
attahiyat meaning,0,23,0%,26.17
hifz course online,0,23,0%,84
how to read attahiyat in salah,0,22,0%,8.64
barakallah reply in arabic,0,22,0%,9.82
barak allah reply,0,22,0%,10.14
alhamdulillah in arabic,0,22,0%,77.36
tashahhud full,0,21,0%,9.57
alhamdulillah means,0,21,0%,67.76
barakallah khair meaning,0,20,0%,6.4
jazakallahu khairan meaning,0,20,0%,8.2
atahiyat,0,20,0%,11.35
attahiyat full in english,0,20,0%,14.2
kursi in english,0,20,0%,43.85
online quran classes australia,0,20,0%,82.95
surah waqiah benefits,0,20,0%,87.25
sajadah tilawah dua,0,19,0%,7.47
sajdah tilawat dua,0,19,0%,7.63
barakallah arabic,0,19,0%,8.89
"أستغفر الله meaning ""i seek forgiveness from allah""",0,19,0%,10.53
atayat in english,0,19,0%,16.63
alhamdulillah definition,0,19,0%,74.58
online quran classes for adults,0,19,0%,78.37
online quran classes usa,0,19,0%,89.47
jazak allah khair meaning,0,18,0%,7.22
jazakallah reply barakallah,0,18,0%,9.11
barakallah meaning in arabic,0,18,0%,9.5
attahiyat surah,0,18,0%,16.22
rabbana atina in english,0,18,0%,21.61
tayammum steps,0,18,0%,31.06
99 names of allah in english,0,18,0%,43.94
astaghfirullah in arabic,0,18,0%,51.89
how to perform ghusl,0,18,0%,60.78
hifz quran online,0,18,0%,65.33
quran classes online usa,0,18,0%,91.72
shukran jazakallah khair in arabic,0,17,0%,9.29
attahiyat dua full,0,17,0%,9.94
jazak allah meaning,0,17,0%,11.41
jazakallah meaning,0,17,0%,15.65
tashahhud in english,0,17,0%,25.47
dua e istikhara,0,17,0%,31.76
tahajjud prayer,0,17,0%,41.76
dua for the sick,0,17,0%,49.53
insha allah meaning,0,17,0%,54.76
meaning of inshallah,0,17,0%,66.82
what does inshallah mean,0,17,0%,72.88
attahiyat full last rakat,0,16,0%,7.94
aththahiyath full,0,16,0%,8.31
attahiyat in arabic text,0,16,0%,8.94
safar ki dua in arabic,0,16,0%,13.06
barakallahu feekum reply,0,16,0%,18.44
attahiyat translation,0,16,0%,19.25
jazakallah,0,16,0%,22.62
dua safar,0,16,0%,26.38
athayathu surah,0,15,0%,2.73
what is barakallah,0,15,0%,7.67
dua for sajdah tilawat,0,15,0%,8.8
reply to barakallah,0,15,0%,9.07
جزاك الله خيرا in english,0,15,0%,10.2
mashallah barakallahu feek in arabic,0,15,0%,11.27
labbaik allahumma labbaik meaning,0,15,0%,18.33
what does alhamdulillah mean,0,15,0%,72.13
quran online classes free,0,15,0%,73.6
online quran classes for beginners,0,15,0%,78.53
"quran 2:201 rabbana atina fid dunya hasanah wa fil akhirati hasanah wa qina 
adhaban nar",0,14,0%,9
wa feeki barakallah,0,14,0%,9.5
reply for barakallah,0,14,0%,9.71
attahiyat lillahi wa salawatu in english,0,14,0%,15.29
dua istighfar,0,14,0%,31.64
what does astaghfirullah mean,0,14,0%,57.14
99 names of allah with meaning,0,14,0%,65.5
inshallah means,0,14,0%,66
hamdulillah meaning,0,14,0%,67
alhamdulillah english meaning,0,14,0%,69.36
how to recite attahiyat correctly,0,13,0%,5.08
at tahiyyatu lillahi wa-salawatu full,0,13,0%,6.92
jazakallahu khairan for female,0,13,0%,10
what does jazakallah khair mean,0,13,0%,14.46
labbaik,0,13,0%,15.77
tashahhud english,0,13,0%,27.77
astaghfirullah meaning in english,0,13,0%,37.77
surah ikhlas meaning,0,13,0%,50.69
99 names of allah with meaning and benefits,0,13,0%,58.92
alhamdulillah in english meaning,0,13,0%,71.85
online quran course,0,13,0%,90.85
how to recite tahiya,0,12,0%,6.58
barak allah in arabic,0,12,0%,7.67
iqra classes for adults singapore,0,12,0%,8.67
atahyatu,0,12,0%,9.42
mashallah barakallahu feek,0,12,0%,10.42
mashallah barakallah,0,12,0%,10.67
wa antum fa jazakumullahu khairan meaning,0,12,0%,10.75
dua masura in english,0,12,0%,20.5
barakallahu feekum meaning in english,0,12,0%,22.08
istighfar duas,0,12,0%,32.67
iqra classes singapore,0,12,0%,34.08
quran ijazah,0,12,0%,35.42
ghusl step,0,12,0%,40.58
astaghfirullah meaning in urdu,0,12,0%,45.92
allah 99 names,0,12,0%,53.33
insallah,0,12,0%,57.17
ijazah,0,12,0%,60.67
how to make ghusl,0,12,0%,71.5
surah al waqiah benefits,0,12,0%,88.5
female quran teacher,0,12,0%,91.67
dua e masura,0,11,0%,3.45
barakallah in english,0,11,0%,6.55
barakkallah meaning,0,11,0%,6.73
barakallh,0,11,0%,7.36
interactive qaida,0,11,0%,7.91
sajdah thilavath dua,0,11,0%,8.64
ons muslim population england and wales 2021 census 3.9 million,0,11,0%,9.09
quran 2:201 rabbana atina fid dunya hasanah,0,11,0%,10.45
transliteration of attahiyat,0,11,0%,15.91
aththahiyath dua,0,11,0%,19.55
ayatul kursi translation,0,11,0%,47.09
meaning of astaghfirullah,0,11,0%,57.73
meaning of alhamdulillah,0,11,0%,67.18
alhamdulillah in english,0,11,0%,67.91
online quran classes free,0,11,0%,87.91
mashallah meaning,0,11,0%,89.09
best online quran academy,0,11,0%,97.73
dua masura,0,10,0%,3.9
at tahiyyatu lillahi,0,10,0%,5.2
how to say attahiyat,0,10,0%,6.4
doa masura arabic,0,10,0%,6.7
what is the meaning of barakallah,0,10,0%,7.6
dua masura in arabic,0,10,0%,7.7
attahiyat arabic text,0,10,0%,8
attahiyat full transliteration,0,10,0%,9.1
jazakallah khair meaning in english,0,10,0%,9.7
barak allah feek meaning,0,10,0%,11
atahiyatu,0,10,0%,13.2
tashahhud attahiyat,0,10,0%,13.3
surah attahiyat,0,10,0%,17
attahiyat lillahi wa salawatu meaning,0,10,0%,17.7
darood sharif in english,0,10,0%,31.7
quran classes for adults singapore,0,10,0%,36.2
noor academy online classes,0,10,0%,37.7
meaning of astaghfirullah in english,0,10,0%,40.4
99 names of allah with meaning in english,0,10,0%,42.3
astaghfirullah arabic,0,10,0%,43.3
in sha allah meaning,0,10,0%,45.7
inshallah arabic,0,10,0%,48.9
allah names,0,10,0%,52.9
barakallahu feek,0,10,0%,54.6
ikhlas meaning,0,10,0%,55.3
99 names allah,0,10,0%,59.6
alhamdulillah translation in english,0,10,0%,63.1
free online quran classes for adults,0,10,0%,65.8
alhamdulillah define,0,10,0%,76.5
quran class,0,10,0%,84.6
quran courses,0,10,0%,85.9
athayathu full,0,9,0%,1.22
attahiyat recitation,0,9,0%,6.67
barakalah,0,9,0%,7.56
jazakillahu khair,0,9,0%,7.78
"""wa feeki barakallah""",0,9,0%,8.22
dua e masura in arabic,0,9,0%,8.89
full attahiyat with salawat,0,9,0%,9.67
jazakallah khair arabic,0,9,0%,13.22
dua for istighfar,0,9,0%,31.22
tahiyat,0,9,0%,32.11
inshallah allah,0,9,0%,37.56
en sha allah,0,9,0%,44.44
how to do tayammum,0,9,0%,46
dua for sick person,0,9,0%,46.89
99 name of allah,0,9,0%,50.11
barakallahu fik meaning,0,9,0%,55
steps of ghusl,0,9,0%,61.89
islamic resources,0,9,0%,62.44
99 names of allah and meaning,0,9,0%,63.56
online quran tutor,0,9,0%,66
alhamdulillah means in english,0,9,0%,68
alhamdulillah arabic,0,9,0%,73.67
how to ghusl,0,9,0%,73.67
online hifz ul quran course free,0,9,0%,79.33
best quran classes for kids in australia,0,9,0%,91
online hifz classes,0,9,0%,91.33
female quran tutor,0,9,0%,91.44
attahiyat lillahi wa salawatu full,0,8,0%,6.5
ons 2021 census muslim population england wales 3.9 million,0,8,0%,7.38
dua for sajdah tilawah,0,8,0%,7.88
barakall,0,8,0%,8.12
barakaallah,0,8,0%,8.25
when to say barakallah,0,8,0%,8.5
quran 2:201 rabbana atina fid dunya hasanatan,0,8,0%,8.62
jazaki allah khair,0,8,0%,8.75
at tahiyyatu lillahi wa salawatu,0,8,0%,9.38
meaning of jazakumullahu khairan,0,8,0%,10.12
shukran jazakallah khair,0,8,0%,10.88
wa antum fa jazakumullahu khairan in arabic,0,8,0%,10.88
quran academy near me,0,8,0%,11.88
attahiyat translation in english,0,8,0%,16
surah attahiyat in english,0,8,0%,20.5
tashahhud,0,8,0%,20.75
rizq ki dua in english,0,8,0%,21.62
ghusl steps for men,0,8,0%,22.12
attahiyat position,0,8,0%,26.5
labaik allahuma labaik meaning,0,8,0%,28.25
durood sharif in english,0,8,0%,37.5
inshallah in english,0,8,0%,39.38
asma ul husna with meaning,0,8,0%,40
allah 99 names in english,0,8,0%,41.12
dua for ill person,0,8,0%,41.88
quran tutors,0,8,0%,43.62
barakallahu feekum means,0,8,0%,48.5
what does bismillah mean,0,8,0%,50
learn quran online for adults,0,8,0%,51
hifz programs,0,8,0%,52.5
hasbunallahu wa ni'mal wakeel,0,8,0%,52.62
99 names of,0,8,0%,55.5
surah ikhlas benefits,0,8,0%,57
www quran teacher net,0,8,0%,66
online quran teacher,0,8,0%,66.12
al ikhlas meaning,0,8,0%,66.25
steps for ghusl,0,8,0%,66.5
inshallah mean,0,8,0%,75.88
define alhamdulillah,0,8,0%,77.25
benefits of surah waqiah,0,8,0%,85.75
quran online classes,0,8,0%,94.75
athahiyath dua,0,7,0%,2.14
sajda tilawat dua in arabic,0,7,0%,5.29
what is wazifa in english,0,7,0%,6.71
airplane ki dua,0,7,0%,7.57
ons muslim population england wales 2021 3.9 million,0,7,0%,7.71
mashallah barakallahu feek meaning,0,7,0%,7.86
jazakallahu khairan for male,0,7,0%,8.57
barakullah,0,7,0%,8.86
complete attahiyat in namaz,0,7,0%,8.86
attahiyat 2nd part,0,7,0%,9
prayer attahiyat full,0,7,0%,9
ons 2021 census muslim 6.5% england and wales,0,7,0%,9.43
ma sha allah barakallahu feekum meaning,0,7,0%,9.71
جزاك الله خيرا بالانجليزي,0,7,0%,10.43
jazakallahu khairan response,0,7,0%,10.86
at tahiyat,0,7,0%,11.71
wa antum fa jazakumullahu khairan,0,7,0%,12.71
ইনশাআল্লাহ in english,0,7,0%,13.14
attahiyat prayer,0,7,0%,15.57
barakallahu feeki,0,7,0%,16.14
attahiyat with english translation,0,7,0%,17
tahiyat prayer,0,7,0%,17.71
jazak allahu khayran,0,7,0%,20.86
at tahiyyat,0,7,0%,24.57
meaning of barakallahu feek,0,7,0%,25
attahiyat lillahi meaning,0,7,0%,25.29
istighfar dua english,0,7,0%,29.86
safar dua,0,7,0%,33.14
dua al safar,0,7,0%,34.43
enshallah,0,7,0%,35.86
allahu akbar,0,7,0%,36.29
hasbunallahu wa ni'mal wakeel meaning,0,7,0%,37.43
what is astaghfirullah,0,7,0%,39.43
asmaul husna with meaning,0,7,0%,44.57
what is bismillah,0,7,0%,44.57
names of allah with meaning,0,7,0%,45
meaning of insha allah,0,7,0%,45.43
dua for traveling by plane,0,7,0%,46
insha allah,0,7,0%,46.14
ayatul kursi and meaning,0,7,0%,46.43
99 names of allah in arabic,0,7,0%,48.14
noor academy online,0,7,0%,55.29
tahajjud,0,7,0%,56.71
ghusl step by step,0,7,0%,58.57
ayatul kursi meaning,0,7,0%,58.71
define inshallah,0,7,0%,58.86
dua for travelling,0,7,0%,61.43
surah al ikhlas meaning,0,7,0%,64.43
hamdulillah,0,7,0%,66.29
online quran classes canada,0,7,0%,68.43
mashallah,0,7,0%,79.71
quran classes australia,0,7,0%,84.86
online seerah course,0,7,0%,87.29
best online quran classes free,0,7,0%,94.29
online quran courses,0,7,0%,94.86
online hifz program,0,7,0%,95.86
learn quran online in usa,0,7,0%,111
"""barakallahu feek"" response ""wa feek barakallah""",0,6,0%,5.17
aththahiyath full dua,0,6,0%,6.83
baraqallah,0,6,0%,7.67
wa feekum barakallah meaning,0,6,0%,7.67
dua masura english,0,6,0%,7.83
last rakat attahiyat,0,6,0%,7.83
what to say to jazakallah khair,0,6,0%,8.67
jazak allahu khairan meaning,0,6,0%,8.83
barakallah meaning in malayalam,0,6,0%,9.17
jazakallah khair means,0,6,0%,9.33
what to reply for barakallah,0,6,0%,9.33
dua attahiyat,0,6,0%,9.67
athahiyath full,0,6,0%,9.83
when to say jazakallah khair,0,6,0%,9.83
janazah darood sharif,0,6,0%,10.5
labaik allahu akbar meaning,0,6,0%,10.5
inshallah khair meaning,0,6,0%,10.83
sayyidul istighfar in arabic,0,6,0%,10.83
attahiyat swalath full,0,6,0%,11
barakallahu feeki meaning,0,6,0%,11
atayatu lilahi in english,0,6,0%,11.17
dua e masura in english,0,6,0%,11.5
attahiyat english transliteration,0,6,0%,12.17
baarakallah meaning,0,6,0%,12.17
attahiyat lillahi wa salawatu english,0,6,0%,12.5
jazakallah khair or khairan,0,6,0%,12.83
attahiyat dua in english,0,6,0%,13.33
translation of attahiyat in english,0,6,0%,15.17
hasbiyallahu ni'mal wakeel,0,6,0%,15.5
online quran classes near me,0,6,0%,15.83
attahiyat in prayer,0,6,0%,16.83
safar ki dua english,0,6,0%,16.83
attahiyat in salah,0,6,0%,17.83
tashahhud transliteration,0,6,0%,19.5
jazakallah khairan meaning,0,6,0%,22
jazakumullah khairan,0,6,0%,27.5
female quran teacher online,0,6,0%,30.5
la ilaha illallah meaning,0,6,0%,30.83
tashahhud prayer,0,6,0%,31.5
istighfar dua in english,0,6,0%,33.17
in sha allah meaning in english,0,6,0%,37.17
subhan allah meaning,0,6,0%,43.67
quran classes for adults,0,6,0%,45.83
dua istikhara arabic,0,6,0%,48.83
bismallah,0,6,0%,49.17
steps of tayammum,0,6,0%,50
asmaul husna meaning,0,6,0%,51.83
99 names allah with meaning,0,6,0%,52.17
dua for a sick person,0,6,0%,53.67
meaning inshallah,0,6,0%,54.83
bismillah definition,0,6,0%,55.67
meaning of surah ikhlas,0,6,0%,57
names of allah and meaning,0,6,0%,58.67
alhamdulillah english translation,0,6,0%,63
ayat al kursi meaning,0,6,0%,63
asma ul husna meaning,0,6,0%,63.67
al-ikhlas meaning,0,6,0%,64.17
astaghfar meaning,0,6,0%,65.5
what is the meaning of inshallah,0,6,0%,71.17
islamic months,0,6,0%,73
how to perform tayammum,0,6,0%,75.17
online quran academy usa,0,6,0%,80.83
surah al-waqiah benefits,0,6,0%,85.83
quran online courses,0,6,0%,86.33
quran classes for my daughter,0,6,0%,86.67
islam and dreams interpretation,0,6,0%,87.17
quran female teacher,0,6,0%,98.5
athayathu,0,5,0%,2
full attahiyat dua,0,5,0%,2.4
you noorani game,0,5,0%,2.6
noorpathquranacademy.com,0,5,0%,5.2
barakla,0,5,0%,6
জাজাকাল্লাহ খাইরান ইংরেজি,0,5,0%,6.4
at tahiyyatu lillahi in english,0,5,0%,6.6
mashallah jazakallah khair,0,5,0%,6.8
attahiyat dua in arabic text,0,5,0%,7
attahyat,0,5,0%,7
barakllah,0,5,0%,7.6
la ilaha illa allah in arabic,0,5,0%,7.6
aththahiyath in english,0,5,0%,7.8
tashahhud full dua,0,5,0%,7.8
atayat,0,5,0%,8
wa feek barakallah meaning in english,0,5,0%,8.2
ف,0,5,0%,8.2
barakhallah,0,5,0%,8.4
ons muslim population england and wales 2021 census,0,5,0%,9
"uk muslim population percentage 2021 census england wales scotland northern 
ireland",0,5,0%,9.4
sajda tilawat dua,0,5,0%,9.6
wa feeki barakallah meaning,0,5,0%,9.6
altahyaat,0,5,0%,9.8
jazakallah in english,0,5,0%,10
when someone says barakallahu feek what should i reply,0,5,0%,10.2
atiyat,0,5,0%,10.4
attahiyat full in arabic,0,5,0%,10.4
wa feek barakallah,0,5,0%,10.6
tashahhud (attahiyat),0,5,0%,10.8
safar ki dua airplane,0,5,0%,11
labaik means,0,5,0%,11.6
when to say jazakallah,0,5,0%,11.6
surah masura in english,0,5,0%,12
meaning of jazakallah,0,5,0%,12.2
safar ki dua in english transliteration,0,5,0%,12.2
safar ki dua transliteration,0,5,0%,15.2
attahiyat in quran,0,5,0%,16.4
safar ki dua arabic,0,5,0%,18.8
how to reply to barakallah,0,5,0%,20.2
rabbana atina fid dunya meaning,0,5,0%,20.4
answer of jazakallah,0,5,0%,22.8
tashahhud dua in english,0,5,0%,24.8
la ilaha meaning,0,5,0%,26.8
tashiyat,0,5,0%,27.8
astaghfirullah in english,0,5,0%,31
4 qul,0,5,0%,36.6
dua for airplane travel,0,5,0%,38
sickness dua,0,5,0%,39.2
99 names of allah with english meaning,0,5,0%,41.4
travel dua english,0,5,0%,41.8
definition inshallah,0,5,0%,43
allahu akbar meaning,0,5,0%,43.4
names of allah with meaning and benefits,0,5,0%,43.6
99 names of allah and meaning in english,0,5,0%,43.8
bismillah in english,0,5,0%,43.8
ayatul kursi english and arabic,0,5,0%,44.6
hasbunallah,0,5,0%,46
inshallah spelling,0,5,0%,46
meaning of inshallah in english,0,5,0%,46.8
dua for sick people,0,5,0%,48.6
allah 99 names arabic,0,5,0%,49
dua when travelling by plane,0,5,0%,49
allah names 99,0,5,0%,50.4
durood shareef in english,0,5,0%,50.6
subhanallah,0,5,0%,51.2
definition of inshallah,0,5,0%,53.6
arabic inshallah,0,5,0%,54
99 of allah,0,5,0%,55.6
subhanallah in arabic,0,5,0%,55.6
inshallah urdu,0,5,0%,56.2
surah waqiah meaning,0,5,0%,58.6
meaning of asma ul husna,0,5,0%,61
99 names,0,5,0%,63.2
ninety nine names of allah with meaning in english,0,5,0%,63.2
islamic months name,0,5,0%,64.2
surah al-ikhlas meaning,0,5,0%,65
ninety nine names of allah with meaning,0,5,0%,67.2
online tajweed classes australia,0,5,0%,67.4
definition of alhamdulillah,0,5,0%,69
99 names with meaning,0,5,0%,71.8
quran tutor,0,5,0%,71.8
islamic months names,0,5,0%,73.2
noor hifz academy,0,5,0%,81.4
online quran teaching,0,5,0%,82.4
online hifz,0,5,0%,82.8
al waqiah benefits,0,5,0%,84.8
benefits of surah al waqiah,0,5,0%,84.8
free quran course,0,5,0%,85.2
affordable quran classes usa,0,5,0%,88
online hifz course,0,5,0%,88
islamic calendar months,0,5,0%,90.6
online quran school,0,5,0%,97
online quran classes for kids,0,5,0%,98.6
attahiyat surah in namaz,0,4,0%,2.5
how to recite atayat,0,4,0%,3.5
dua e masura english,0,4,0%,7
attahiyat last dua full in english,0,4,0%,7.25
barakallahuma,0,4,0%,7.25
"""share-of-individuals-using-the-internet"" csv",0,4,0%,7.5
atihiyat,0,4,0%,7.75
attahiyat dua english,0,4,0%,7.75
attahiyat lillahi in english,0,4,0%,7.75
barakallha,0,4,0%,7.75
difference between mashallah and barakallah,0,4,0%,7.75
"quran 2:201 rabbana atina fid-dunya hasanatan wa fil akhirati hasanatan wa 
qina adhaban nar translation",0,4,0%,8
attahyatu,0,4,0%,8.25
ons census 2021 muslim population england wales percentage,0,4,0%,8.25
aththahiyath dua full,0,4,0%,8.5
jazakallah khair ka jawab in arabic,0,4,0%,8.5
attahiyat after,0,4,0%,8.75
la ilaha illallah in english,0,4,0%,8.75
jazak allah khair reply in arabic,0,4,0%,9
altahyaat llah,0,4,0%,9.25
attahiyat lillahi transliteration,0,4,0%,9.25
what is wazifa,0,4,0%,9.25
ata hayat,0,4,0%,9.5
wazifa in english,0,4,0%,9.5
attahiyat mubarak salawatu full,0,4,0%,9.75
jazakallah khair correct spelling,0,4,0%,9.75
jazakallah khair spelling,0,4,0%,9.75
tahiyat tekst,0,4,0%,9.75
jazakallah khairun meaning,0,4,0%,10
meaning barakallah,0,4,0%,10
atahayat,0,4,0%,10.25
atahiato,0,4,0%,10.25
attahayatu,0,4,0%,10.25
attahiyat 1 and 2,0,4,0%,10.25
attahiyat and durood,0,4,0%,10.25
attahiyat last dua full,0,4,0%,10.25
atthiyatu,0,4,0%,10.25
barakallah feek meaning,0,4,0%,10.25
jazakallah khair mean,0,4,0%,10.5
"quran 2:201 rabbana atina fid-dunya hasanah wa fil akhirati hasanah wa qina 
adhaban nar",0,4,0%,10.5
جزاك الله خَيْرًا meaning in english,0,4,0%,10.5
masura in arabic,0,4,0%,10.75
attahiyatu full,0,4,0%,11
jazakallahu khairan arabic,0,4,0%,11
attahiyat complete,0,4,0%,11.25
jazak allahu khairan,0,4,0%,11.75
tashahhud in arabic,0,4,0%,11.75
dua masura transliteration,0,4,0%,13.75
jazakallahu khayran,0,4,0%,14.75
attahiyat lillahi wa salawatu transliteration,0,4,0%,15.75
attahiyat in english full,0,4,0%,16.75
uk 2021 census muslim percentage,0,4,0%,19.25
labayk allahuma labayk meaning,0,4,0%,20.75
labbayk allahumma labbayk meaning,0,4,0%,20.75
atiyat in english,0,4,0%,21.75
meaning of labbaik,0,4,0%,22.25
la ilaha illallah in arabic,0,4,0%,23
meaning of attahiyat,0,4,0%,23
rabbana atina fid dunya hasanah meaning,0,4,0%,23.5
dua e safar,0,4,0%,25
muslim census,0,4,0%,27.25
الحمد لله in english,0,4,0%,27.75
12 islamic months,0,4,0%,30.25
what is the meaning of labbaik allahumma labbaik,0,4,0%,30.75
jazakallah khair meaning in hindi,0,4,0%,31.25
douaa safar,0,4,0%,32.5
labaik meaning,0,4,0%,33
tahiyat translation,0,4,0%,37
hasbunallahu wa ni mal wakeel meaning,0,4,0%,37.25
attahiyat dua meaning,0,4,0%,37.75
islamic classes for adults singapore,0,4,0%,37.75
dua for anxiety and depression,0,4,0%,38.25
inshallah meaning in urdu,0,4,0%,38.75
ayatul kursi meaning in english,0,4,0%,39.75
bismillah meaning in english,0,4,0%,39.75
inshallah definition,0,4,0%,39.75
dua for entering the house and leaving,0,4,0%,40
ayatul kursi english arabic,0,4,0%,40.5
allah 100 names,0,4,0%,40.75
insha allah means,0,4,0%,41.25
define bismillah,0,4,0%,41.5
best time to pray tahajjud,0,4,0%,42.25
tahiyat meaning,0,4,0%,42.5
allah names in english,0,4,0%,43
asma al husna meaning,0,4,0%,44
dua e istikhara with english translation,0,4,0%,45.5
dua for ill people,0,4,0%,45.5
inshallah allah meaning,0,4,0%,45.5
al kursi english,0,4,0%,46
dua for stress,0,4,0%,46.25
dua for travel by plane,0,4,0%,46.75
allah name with meaning,0,4,0%,47.25
dua for traveling on plane,0,4,0%,48.25
dua for travelling by plane,0,4,0%,48.25
bismillah in english translation,0,4,0%,48.75
99 names of allah english,0,4,0%,50.75
allah 99 names with meaning,0,4,0%,51.25
100 names of allah,0,4,0%,52
bismillah translation in english,0,4,0%,52
meaning of subhanallah,0,4,0%,53.5
dua for stress and anxiety,0,4,0%,53.75
dua for travel,0,4,0%,54
travel dua in english,0,4,0%,54.5
dua for a ill person,0,4,0%,55.5
inshallah in urdu,0,4,0%,55.75
jazakallah khair reply,0,4,0%,56.25
100 names allah,0,4,0%,56.75
names of islamic months,0,4,0%,57.75
what are the 99 names of allah,0,4,0%,57.75
alhamdulillah mean,0,4,0%,58.25
online female quran tutor,0,4,0%,58.5
virtual madrasa abu dhabi,0,4,0%,59.5
how to make tayammum,0,4,0%,60.75
ijazah meaning,0,4,0%,60.75
allahs 99 names,0,4,0%,62.25
travelling dua,0,4,0%,62.75
what is the meaning of surah ikhlas,0,4,0%,63
99 allah names in arabic,0,4,0%,63.25
quran classes online with teacher,0,4,0%,64.5
what does inshallah mean in english,0,4,0%,65
hamdullilah,0,4,0%,66.25
99 name of allah with meaning,0,4,0%,67.5
alhamdulillah in english translation,0,4,0%,70.5
ghusl how to,0,4,0%,71
dua for anxiety,0,4,0%,72.25
99 names of allah meaning in english,0,4,0%,73.25
alhumdulliah,0,4,0%,73.25
ayatul kursi in english meaning,0,4,0%,75.5
quran class singapore,0,4,0%,75.5
alhamdullah,0,4,0%,76.25
interpretation of islamic dreams,0,4,0%,76.5
meaning of alhamdulillah in english,0,4,0%,79
quran classes for usa students,0,4,0%,80
surah mulk benefits,0,4,0%,84.5
surah al rahman benefits,0,4,0%,85.5
hifz quran classes,0,4,0%,86.5
what is the meaning of alhamdulillah,0,4,0%,88.5
online hifdh program,0,4,0%,91.25
quran recitation classes,0,4,0%,94
learn quran online for beginners,0,4,0%,104
best quran academy,0,4,0%,119.25
at-tahiyyatu lillahi was-salawatu wat-tayyibat,0,3,0%,1
attahiyat pronunciation,0,3,0%,1
safar ki dua in hindi,0,3,0%,1
yes,0,3,0%,3.67
most powerful dua for success in exams in arabic,0,3,0%,4.33
athahiyaath,0,3,0%,6
attahiyat lillahi complete,0,3,0%,6
attahiyatul lillahi wa salawatu,0,3,0%,6
barekellah,0,3,0%,6.67
jazakallah hu khair meaning,0,3,0%,6.67
brakallah,0,3,0%,7
jazakumallah khair,0,3,0%,7
tahiyyatu lillahi wa salawatu,0,3,0%,7
dua e masura short,0,3,0%,7.33
jazakallahu khair meaning,0,3,0%,7.33
barakallaah,0,3,0%,7.67
barakallahu laka meaning,0,3,0%,7.67
haa,0,3,0%,7.67
meaning of barak allah,0,3,0%,7.67
quran 2:201 rabbana atina fid-dunya hasanatan translation,0,3,0%,8
بارك الله meaning,0,3,0%,8
barakallah.,0,3,0%,8.33
barakkalah,0,3,0%,8.33
batakallah,0,3,0%,8.33
jazakhallah khair,0,3,0%,8.33
quran 2:201 rabbana atina fid dunya hasanah transliteration,0,3,0%,8.33
"quran 2:201 rabbana atina fid-dunya hasanah wa fil-akhirati hasanah wa qina 
adhaban nar",0,3,0%,8.33
atayatu,0,3,0%,8.67
baraklah,0,3,0%,8.67
dua sajdah tilawat,0,3,0%,8.67
"quran 2:201 rabbana atina fid-dunya hasanatan wa fil-akhirati hasanatan wa 
qina adhaban-nar",0,3,0%,8.67
allah barik feek reply,0,3,0%,9
baralallah,0,3,0%,9
"uk muslim population 2021 census england wales scotland northern ireland 
total",0,3,0%,9
barrakallah,0,3,0%,9.33
"rabbana atina fid dunya hasanah wa fil akhirati hasanah wa qina adhaban nar 
quran 2:201",0,3,0%,9.33
لا إله إلا الله in english,0,3,0%,9.33
wa feek barakallah in arabic,0,3,0%,9.67
how to spell jazakallah khair,0,3,0%,10
jazakallahu khairan in arabic,0,3,0%,10
"quran 2:201 rabbana atina fid-dunya hasanatan wa fil akhirati hasanatan wa 
qina adhaban nar quran.com",0,3,0%,10
jazakallah khair arabic text,0,3,0%,10.33
ons 2021 census muslim percentage england and wales 6.5%,0,3,0%,10.33
ons muslim population england wales 2021 census,0,3,0%,10.33
"uk muslim population percentage 2021 census england wales scotland northern 
ireland official",0,3,0%,10.33
attahiyat and tashahhud,0,3,0%,10.67
how to do tayammum step by step,0,3,0%,10.67
safar ki dua in english and urdu,0,3,0%,10.67
wa feeki barakallah in arabic,0,3,0%,10.67
when do we say jazakallah khair,0,3,0%,10.67
barak allahu feek meaning,0,3,0%,11
barakalahu,0,3,0%,11.33
jazak meaning,0,3,0%,11.33
labbaik means,0,3,0%,11.67
mashallah dua for nazar,0,3,0%,11.67
بارك الله meaning in english,0,3,0%,11.67
learn quran for adults,0,3,0%,12
atahiyat in english,0,3,0%,12.33
athahiyath salath dua full,0,3,0%,12.33
what do you say in attahiyat,0,3,0%,12.67
atayat lillahi,0,3,0%,13
tahiyat transliteration,0,3,0%,13.33
safer ki dua,0,3,0%,16
attahiyat in roman english,0,3,0%,16.33
atahyat,0,3,0%,16.67
tashahhud recitation,0,3,0%,17
attahiyat english translation,0,3,0%,17.33
what to say in attahiyat,0,3,0%,17.33
ettehiyatu,0,3,0%,17.67
attahiyat lyrics,0,3,0%,18.67
tashahhud arabic,0,3,0%,18.67
at-tahiyyat,0,3,0%,19
uk muslim population percentage 2021 census,0,3,0%,19.33
atiyat surah in english,0,3,0%,19.67
barakallahu feek meaning in english,0,3,0%,19.67
how to recite the tashahhud,0,3,0%,20.67
wa iyyakum in arabic,0,3,0%,20.67
jazakallah meaning in urdu,0,3,0%,21
quran classes for kids riyadh,0,3,0%,21.33
labbaik allahumma labbaik meaning in english,0,3,0%,22.33
hasbunallah wani'mal wakeel,0,3,0%,23
jazakallah khairan reply to male,0,3,0%,23
uk census 2021 muslim population percentage,0,3,0%,23.33
attahiyat surah english,0,3,0%,24.33
tashahhud surah,0,3,0%,24.33
at tashahhud in arabic,0,3,0%,24.67
labbaik allahumma labbaik meaning in urdu,0,3,0%,25.33
labbaik allahumma labbaik,0,3,0%,25.67
islamic months in order,0,3,0%,26.67
jazak allah,0,3,0%,26.67
al tashahhud in english,0,3,0%,27
duas rizq,0,3,0%,29
meaning of labaik allahuma labaik,0,3,0%,29.33
what does allahu akbar mean,0,3,0%,29.33
tahiyat for salah,0,3,0%,29.67
al tahiyat,0,3,0%,30.67
meaning of insha allah in english,0,3,0%,30.67
at tashahhud,0,3,0%,31
alahu akbar,0,3,0%,31.33
quran teaching near me,0,3,0%,32.33
"e n a b l e d q u r a n t a j w e e d c l a s s e s o n l i n e p h r a s e 
m a t c h g s n g e n e r i c a c a d e m y i s l a m i c c o u r s e s n o 
t e l i g i b l e c a m p a i g n p a u s e d 1 0 0 . 0 0 % z a r 0 0 . 0 0",0,3,0%,33
noor academy pakistan,0,3,0%,33.67
quran classes for kids,0,3,0%,34
quran classes ottawa,0,3,0%,34
duae istikhara,0,3,0%,35.33
la ilaha illa allah meaning,0,3,0%,35.67
bismillah english,0,3,0%,36
durood shareef in arabic,0,3,0%,36.33
inshalah,0,3,0%,36.33
inshallah meaning in bengali,0,3,0%,36.33
asma ul husna in english with meaning,0,3,0%,36.67
what is durood sharif,0,3,0%,37.33
allah hu akbar meaning,0,3,0%,37.67
allah names 99 in arabic,0,3,0%,38.67
insallah meaning,0,3,0%,38.67
quran classes near me,0,3,0%,38.67
dua for safar,0,3,0%,39
response to barakallahu feek,0,3,0%,39
99 names of allah asma ul husna,0,3,0%,40.33
barakallahu feekum meaning in urdu,0,3,0%,40.33
dua for kids,0,3,0%,40.33
how long does it take to memorize the quran,0,3,0%,40.67
inshallah meaning english,0,3,0%,40.67
dua for journey in english,0,3,0%,41
inshallah pronounce,0,3,0%,41.33
dua for the sick person,0,3,0%,41.67
dua travelling plane,0,3,0%,41.67
dua al istikhara,0,3,0%,42.67
ijazah quran,0,3,0%,42.67
quran courses singapore,0,3,0%,42.67
at tahiyat meaning,0,3,0%,43
akbar meaning,0,3,0%,43.33
sunnah way to do ghusl,0,3,0%,43.67
99 names allah english,0,3,0%,44.33
all the 99 names of allah,0,3,0%,44.33
astaghfar dua,0,3,0%,44.33
dua for anxiety and overthinking,0,3,0%,44.33
dua of sick person,0,3,0%,44.33
99 attributes of allah in arabic,0,3,0%,44.67
dua for traveling in plane,0,3,0%,44.67
what does in sha allah mean,0,3,0%,44.67
allah 99 names with meaning in english,0,3,0%,45
allah names with meaning,0,3,0%,45
insha allah in arabic,0,3,0%,45
translation ayatul kursi,0,3,0%,45.33
allah barak feek,0,3,0%,45.67
traveling dua in english,0,3,0%,45.67
dua for travelling on plane,0,3,0%,46.33
durood shareef english,0,3,0%,46.67
surah yaseen meaning,0,3,0%,47
ish allah,0,3,0%,48.33
safar ki dua roman english,0,3,0%,48.33
dua for travelling transliteration,0,3,0%,49.33
sick people dua,0,3,0%,49.33
ninety nine names of allah in english,0,3,0%,50
online quran teacher female,0,3,0%,50
99 names in english,0,3,0%,50.67
al kursi in english,0,3,0%,50.67
duas for travelling on plane,0,3,0%,51.33
barakallahu,0,3,0%,51.67
how long does hifdh take,0,3,0%,51.67
translation of ayatul kursi,0,3,0%,52
what breaks wudu,0,3,0%,53
inshallah.,0,3,0%,53.33
hijri months in order,0,3,0%,53.67
reply to jazakallah khair,0,3,0%,53.67
spelling of alhamdulillah,0,3,0%,53.67
astaghfar in english,0,3,0%,54
jazakallah khairan reply,0,3,0%,54
meaning of names of allah,0,3,0%,54
learn quran near me,0,3,0%,56
durood in english,0,3,0%,56.33
99 names of allah meaning,0,3,0%,57
when to pray tahajjud,0,3,0%,57
99 allah names,0,3,0%,57.33
99 names of allah list,0,3,0%,59
islamic calendar names,0,3,0%,59.67
how to pray witr,0,3,0%,60
surah al waqiah meaning,0,3,0%,60.33
dua for journey,0,3,0%,60.67
inshallah meaning arabic,0,3,0%,61.67
inshallah translation,0,3,0%,61.67
alhamdulillah pronunciation,0,3,0%,62.33
allah names meaning,0,3,0%,62.33
how to perform ghusl for male,0,3,0%,63
99 allah names and meaning,0,3,0%,63.33
astaghfar,0,3,0%,63.67
inshallah in a sentence,0,3,0%,64.33
astaghfurallah,0,3,0%,65
what does insha allah means,0,3,0%,65.33
dua anxiety,0,3,0%,65.67
muslim sayings,0,3,0%,68.33
alhamdulillah meaning english,0,3,0%,69
online quran teacher luton,0,3,0%,69.67
ayatul kursi in english language,0,3,0%,70
how to take ghusl,0,3,0%,70
alhamdulillah english,0,3,0%,70.33
arabic month name,0,3,0%,70.33
al ham du lillah meaning,0,3,0%,71
ghusl procedure,0,3,0%,71
what is alhamdulillah,0,3,0%,71.67
100 names for allah,0,3,0%,72
alhamdulillah translation,0,3,0%,72
online quran female teacher,0,3,0%,72
99 names of allah with their meaning,0,3,0%,72.67
quran for beginners online,0,3,0%,72.67
ghusl method,0,3,0%,73
travel dua islam,0,3,0%,73.33
islam 99 names of allah,0,3,0%,74
cours de hifz en ligne,0,3,0%,74.33
islamic dream meaning,0,3,0%,74.33
noorani qaida online uk,0,3,0%,75
meaning of ayat ul kursi,0,3,0%,76.33
mashalla,0,3,0%,77
meaning alhamdulillah,0,3,0%,77
meaning of subhan allah,0,3,0%,77
quran teacher near me,0,3,0%,77
inshalla meaning,0,3,0%,79
meaning of ma sha allah,0,3,0%,80
surah al-mulk benefits,0,3,0%,80.33
surah al mulk benefits,0,3,0%,80.67
dream in islamic interpretation,0,3,0%,81.33
online quran class,0,3,0%,82
islamically dream interpretation,0,3,0%,83
al-waqiah benefits,0,3,0%,83.33
surah rahman benefits,0,3,0%,83.67
free online quran classes,0,3,0%,84.33
quran lessons online,0,3,0%,85
benefit of surah al waqiah,0,3,0%,87
dreams interpretation in islam,0,3,0%,87.33
free online quran courses,0,3,0%,87.33
99 names of allah meanings and benefits,0,3,0%,88.67
online classes of quran,0,3,0%,92
ladies quran classes,0,3,0%,95.67
learn quran online usa,0,3,0%,96
attahiyatu dua,0,2,0%,1
dua e mashura,0,2,0%,1.5
"""quran academy"" -site:reddit.com -site:twitter.com -site:x.com 
-site:wykop.pl -site:tripadvisor.com -site:youtube.com -site:yelp.com 
-site:booking.com -site:facebook.com -site:instagram.com -site:tiktok.com",0,2,0%,2
tashahud,0,2,0%,2
attahiyatul mubarakatus full,0,2,0%,2.5
atayah,0,2,0%,3
quran in qatar,0,2,0%,3
what is dua e masura,0,2,0%,3
ahtayatu,0,2,0%,4
attahiyat arabic,0,2,0%,4.5
atahiyaatu,0,2,0%,5
ata hayato dua,0,2,0%,5.5
jazakallahukhair,0,2,0%,5.5
safar ki dua in arabic and english,0,2,0%,5.5
atayat lillahi surah in english,0,2,0%,6
attahiyath,0,2,0%,6
attayiyatu,0,2,0%,6
barakallahu khair,0,2,0%,6
second attahiyat,0,2,0%,6
tashahhud prayer in arabic,0,2,0%,6
what is wazifa is it allowed in islam,0,2,0%,6
attahiyyat,0,2,0%,6.5
attayihat,0,2,0%,6.5
jazakallahu khayran meaning,0,2,0%,6.5
subhanalladhi sakhara lana hadha,0,2,0%,6.5
لا إله إلا الله meaning in english,0,2,0%,6.5
"""wa feek barakallah""",0,2,0%,7
barakaalah,0,2,0%,7
barokallah,0,2,0%,7
barrakalah,0,2,0%,7
full attahiyat lillahi,0,2,0%,7
ons 2021 census muslim population england and wales 3.9 million,0,2,0%,7
attahiatu,0,2,0%,7.5
barakallag,0,2,0%,7.5
barakallaha,0,2,0%,7.5
jazakallah bil khair meaning,0,2,0%,7.5
ons muslim population england wales 2021 census 3.9 million,0,2,0%,7.5
plane ki dua,0,2,0%,7.5
quran classes for kids near me,0,2,0%,7.5
altahyaat allah,0,2,0%,8
attahiy,0,2,0%,8
attahiyat full english,0,2,0%,8
attahiyat lillahi wa salawatu complete,0,2,0%,8
attahiyat lillahi wa salawatu full english,0,2,0%,8
attahiyat quran,0,2,0%,8
complete attahiyat,0,2,0%,8
full attahiyat in namaz,0,2,0%,8
ons england wales muslim population 2021 census 3.9 million,0,2,0%,8
"quran 2:201 rabbana atina fid dunya hasanatan wa fil akhirati hasanatan wa 
qina adhaban nar",0,2,0%,8
"quran 2:201 rabbana atina fid-dunya hasanatan wa fil-akhirati hasanatan wa 
qina adhaban nar",0,2,0%,8
uk census 2021 religion muslim percentage england wales ons,0,2,0%,8
wa feeka barakallah meaning,0,2,0%,8
barallah,0,2,0%,8.5
ons census 2021 muslim population england and wales 3.9 million,0,2,0%,8.5
ons england wales muslim population 2021 3.9 million,0,2,0%,8.5
ons muslim population england and wales 2021 3.9 million,0,2,0%,8.5
"quran 2:201 rabbana atina fid dunya hasanatan wa fil akhirati hasanatan wa 
qina adhaban nar translation",0,2,0%,8.5
"quran 2:201 rabbana atina fid-dunya hasanah wa fil-akhirati hasanah wa qina 
adhaban-nar",0,2,0%,8.5
at tahhiyat,0,2,0%,9
athahiyathu,0,2,0%,9
attahiyat in english transliteration,0,2,0%,9
full tashahhud,0,2,0%,9
jazakallah humma khair,0,2,0%,9
jazakallah khair or jazakumullahu khairan,0,2,0%,9
jazakallah khairan in english,0,2,0%,9
jazakallahu khair in arabic,0,2,0%,9
noor pathways,0,2,0%,9
"quran 2:201 rabbana atina fid-dunya hasanatan wa fil-akhirati hasanatan wa 
qina adhaban-nar quran.com",0,2,0%,9
safar ke dua,0,2,0%,9
safar ki.dua in english,0,2,0%,9
subhanalladhi,0,2,0%,9
thank you in arabic jazakallah khair,0,2,0%,9
wa feekum barakallah,0,2,0%,9
what do you say to jazakallah khair,0,2,0%,9
what does jazakallah khairan mean,0,2,0%,9